{
  "config": {
    "T": 40.0,
    "n_steps": 480,
    "x0": 0.08333333333333333,
    "x_max": 300.0,
    "n_x": 151,
    "x_power": 1.6,
    "n_controls": 25,
    "n_gh": 5,
    "r": 0.015,
    "mu": 0.055,
    "sigma": 0.18,
    "c": 1.0,
    "D": 0.0,
    "gamma0": 2.5,
    "eta0": 0.0
  },
  "target_mean": 70.34481587580456,
  "fixed_eta_grid": [
    0.0,
    0.5,
    1.0,
    2.0
  ],
  "calibrated_eta_grid": [
    0.0,
    1.0,
    2.0,
    4.0,
    8.0
  ],
  "gamma_calibrated": [
    2.5,
    2.9477203369140623,
    3.3717025756835937,
    4.1007080078125,
    5.19421615600586
  ]
}